openvla-oft	https://github.com/moojink/openvla-oft.git	e4287e94541f459edc4feabc4e181f537cd569a8
openvla-oft	https://github.com/moojink/openvla-oft.git	e4287e94541f459edc4feabc4e181f537cd569a8
libero	https://github.com/Lifelong-Robot-Learning/LIBERO.git	8f1084e3132a39270c3a13ebe37270a43ece2a01
openvla-oft	https://github.com/moojink/openvla-oft.git	e4287e94541f459edc4feabc4e181f537cd569a8
libero	https://github.com/Lifelong-Robot-Learning/LIBERO.git	8f1084e3132a39270c3a13ebe37270a43ece2a01
transformers-oft	https://github.com/moojink/transformers-openvla-oft.git	bc339d9ad707454c0c115970db43c260067c61ab
dlimp	https://github.com/moojink/dlimp_openvla.git	040105d256bd28866cc6620621a3d5f7b6b91b46
radio	https://github.com/NVlabs/RADIO.git	c0f37017930e9dda53f93424cf4bf39fc51f287e
openvla-oft	https://github.com/moojink/openvla-oft.git	e4287e94541f459edc4feabc4e181f537cd569a8
libero	https://github.com/Lifelong-Robot-Learning/LIBERO.git	8f1084e3132a39270c3a13ebe37270a43ece2a01
transformers-oft	https://github.com/moojink/transformers-openvla-oft.git	bc339d9ad707454c0c115970db43c260067c61ab
dlimp	https://github.com/moojink/dlimp_openvla.git	040105d256bd28866cc6620621a3d5f7b6b91b46
radio	https://github.com/NVlabs/RADIO.git	c0f37017930e9dda53f93424cf4bf39fc51f287e
